ID,Username,email,address,phone_no,password
100,John Doe,johndoe@example.com,123 Main St,9555123456,JohnDoe@123
101,Jane Smith,janesmith@example.com,456 Elm St,1095556789,JaneSmith@123
102,Alice Johnson,alicejohnson@example.com,789 Oak St,9555901234,AliceJohnson@123
103,Bob Williams,bobwilliams@example.com,101 Pine St,1095534567,BobWilliams@123
104,Emily Brown,emilybrown@example.com,202 Maple St,9555789012,emilybrown@@123
105,Michael Davis,michaeldavis@example.com,303 Cedar St,1095523456,michaeldavis@123
106,Sophia Wilson,sophiawilson@example.com,404 Birch St,9555678901,sophiawilson@123
107,Oliver Taylor,olivertaylor@example.com,505 Walnut St,1095501234,olivertaylor@123
108,Emma Martinez,emmartinez@example.com,606 Spruce St,9555456789,emmartinez@123
109,Liam Anderson,liamanderson@example.com,707 Cedar St,1095589012,liamanderson@123
110,Sophia Jones,sophiajones@example.com,808 Elm St,9555234567,sophiajones@123
111,Aiden Wilson,aidenwilson@example.com,909 Oak St,1095567890,aidenwilson@123
112,Isabella Taylor,isabellataylor@example.com,1010 Pine St,9555012345,isabellataylor@123
113,Lucas Hernandez,lucashernandez@example.com,1111 Maple St,1095545678,lucashernandez@123
114,Mia Martinez,miamartinez@example.com,1212 Cedar St,9555890123,miamartinez@123